timestamp,camera_source,total_persons,total_violations,violation_details,image_path
2026-03-09 12:57:40,0,0,1,"{'no boot': 0, 'no boots': 0, 'no gloves': 0, 'no hat': 1, 'no vest': 0}",violations\violation_20260309_125740.jpg
2026-03-09 12:57:55,0,0,2,"{'no boot': 0, 'no boots': 0, 'no gloves': 0, 'no hat': 2, 'no vest': 0}",violations\violation_20260309_125755.jpg
2026-03-09 12:58:05,0,0,2,"{'no boot': 0, 'no boots': 0, 'no gloves': 0, 'no hat': 1, 'no vest': 1}",violations\violation_20260309_125805.jpg
2026-03-09 12:58:15,0,0,2,"{'no boot': 0, 'no boots': 0, 'no gloves': 0, 'no hat': 1, 'no vest': 1}",violations\violation_20260309_125815.jpg
2026-03-09 12:58:26,0,0,1,"{'no boot': 0, 'no boots': 0, 'no gloves': 0, 'no hat': 1, 'no vest': 0}",violations\violation_20260309_125826.jpg
2026-03-09 12:58:36,0,0,2,"{'no boot': 0, 'no boots': 0, 'no gloves': 0, 'no hat': 1, 'no vest': 1}",violations\violation_20260309_125836.jpg
2026-03-09 12:58:47,0,2,3,"{'no boot': 0, 'no boots': 0, 'no gloves': 0, 'no hat': 1, 'no vest': 2}",violations\violation_20260309_125847.jpg
2026-03-09 12:58:57,0,0,5,"{'no boot': 0, 'no boots': 0, 'no gloves': 0, 'no hat': 2, 'no vest': 3}",violations\violation_20260309_125857.jpg
2026-03-09 12:59:09,0,1,1,"{'no boot': 0, 'no boots': 0, 'no gloves': 0, 'no hat': 1, 'no vest': 0}",violations\violation_20260309_125909.jpg
2026-03-09 12:59:19,0,1,1,"{'no boot': 0, 'no boots': 0, 'no gloves': 0, 'no hat': 1, 'no vest': 0}",violations\violation_20260309_125919.jpg
2026-03-09 12:59:29,0,0,2,"{'no boot': 0, 'no boots': 0, 'no gloves': 0, 'no hat': 1, 'no vest': 1}",violations\violation_20260309_125929.jpg
2026-03-09 12:59:39,0,0,3,"{'no boot': 0, 'no boots': 0, 'no gloves': 0, 'no hat': 2, 'no vest': 1}",violations\violation_20260309_125939.jpg
2026-03-09 12:59:50,0,0,4,"{'no boot': 0, 'no boots': 0, 'no gloves': 0, 'no hat': 2, 'no vest': 2}",violations\violation_20260309_125950.jpg
2026-03-09 13:00:00,0,0,5,"{'no boot': 0, 'no boots': 0, 'no gloves': 0, 'no hat': 2, 'no vest': 3}",violations\violation_20260309_130000.jpg
2026-03-09 13:00:10,0,0,4,"{'no boot': 0, 'no boots': 0, 'no gloves': 0, 'no hat': 1, 'no vest': 3}",violations\violation_20260309_130010.jpg
2026-03-09 13:00:20,0,0,5,"{'no boot': 0, 'no boots': 0, 'no gloves': 0, 'no hat': 2, 'no vest': 3}",violations\violation_20260309_130020.jpg
2026-03-09 13:00:30,0,0,4,"{'no boot': 0, 'no boots': 0, 'no gloves': 0, 'no hat': 3, 'no vest': 1}",violations\violation_20260309_130030.jpg
2026-03-09 13:00:40,0,0,3,"{'no boot': 0, 'no boots': 0, 'no gloves': 0, 'no hat': 3, 'no vest': 0}",violations\violation_20260309_130040.jpg
2026-03-09 13:00:50,0,0,5,"{'no boot': 0, 'no boots': 0, 'no gloves': 0, 'no hat': 3, 'no vest': 2}",violations\violation_20260309_130050.jpg
2026-03-09 13:01:00,0,0,1,"{'no boot': 0, 'no boots': 0, 'no gloves': 0, 'no hat': 1, 'no vest': 0}",violations\violation_20260309_130100.jpg
2026-03-09 13:01:11,0,0,2,"{'no boot': 0, 'no boots': 0, 'no gloves': 0, 'no hat': 1, 'no vest': 1}",violations\violation_20260309_130111.jpg
2026-03-09 14:31:31,0,0,2,"{'no boot': 0, 'no boots': 0, 'no gloves': 0, 'no hat': 1, 'no vest': 1}",violations\violation_20260309_143131.jpg
2026-03-09 14:31:41,0,0,1,"{'no boot': 0, 'no boots': 0, 'no gloves': 0, 'no hat': 0, 'no vest': 1}",violations\violation_20260309_143141.jpg
2026-03-09 14:31:52,0,0,1,"{'no boot': 0, 'no boots': 0, 'no gloves': 0, 'no hat': 0, 'no vest': 1}",violations\violation_20260309_143152.jpg
2026-03-09 14:40:08,0,0,1,"{'no boot': 0, 'no boots': 0, 'no gloves': 0, 'no hat': 1, 'no vest': 0}",violations\violation_20260309_144008.jpg
2026-03-09 14:40:18,0,0,1,"{'no boot': 0, 'no boots': 0, 'no gloves': 0, 'no hat': 1, 'no vest': 0}",violations\violation_20260309_144018.jpg
2026-03-09 14:40:28,0,0,2,"{'no boot': 0, 'no boots': 0, 'no gloves': 0, 'no hat': 0, 'no vest': 2}",violations\violation_20260309_144028.jpg
2026-03-09 14:40:38,0,0,2,"{'no boot': 0, 'no boots': 0, 'no gloves': 0, 'no hat': 1, 'no vest': 1}",violations\violation_20260309_144038.jpg
2026-03-09 14:40:50,0,0,1,"{'no boot': 0, 'no boots': 0, 'no gloves': 0, 'no hat': 1, 'no vest': 0}",violations\violation_20260309_144050.jpg
2026-03-09 15:04:31,0,0,1,"{'no boot': 0, 'no boots': 0, 'no gloves': 0, 'no hat': 0, 'no vest': 1}",violations\violation_20260309_150431.jpg
2026-03-09 15:04:47,0,0,1,"{'no boot': 0, 'no boots': 0, 'no gloves': 0, 'no hat': 0, 'no vest': 1}",violations\violation_20260309_150447.jpg
2026-03-09 15:05:05,0,0,1,"{'no boot': 0, 'no boots': 0, 'no gloves': 0, 'no hat': 0, 'no vest': 1}",violations\violation_20260309_150505.jpg
2026-03-10 12:10:39,0,0,1,"{'no boot': 0, 'no boots': 0, 'no gloves': 0, 'no hat': 1, 'no vest': 0}",violations\violation_20260310_121039.jpg
2026-03-10 12:10:50,0,0,1,"{'no boot': 0, 'no boots': 0, 'no gloves': 0, 'no hat': 0, 'no vest': 1}",violations\violation_20260310_121049.jpg
2026-03-10 12:11:00,0,0,6,"{'no boot': 0, 'no boots': 0, 'no gloves': 0, 'no hat': 4, 'no vest': 2}",violations\violation_20260310_121100.jpg
2026-03-10 12:11:10,0,0,3,"{'no boot': 0, 'no boots': 0, 'no gloves': 0, 'no hat': 2, 'no vest': 1}",violations\violation_20260310_121110.jpg
2026-03-10 12:11:20,0,0,6,"{'no boot': 0, 'no boots': 0, 'no gloves': 0, 'no hat': 3, 'no vest': 3}",violations\violation_20260310_121120.jpg
2026-03-10 12:11:30,0,0,3,"{'no boot': 0, 'no boots': 0, 'no gloves': 0, 'no hat': 2, 'no vest': 1}",violations\violation_20260310_121130.jpg
2026-03-10 12:11:40,0,0,3,"{'no boot': 0, 'no boots': 0, 'no gloves': 0, 'no hat': 1, 'no vest': 2}",violations\violation_20260310_121140.jpg
2026-03-10 12:11:50,0,0,3,"{'no boot': 0, 'no boots': 0, 'no gloves': 0, 'no hat': 1, 'no vest': 2}",violations\violation_20260310_121150.jpg
2026-03-10 12:12:00,0,0,4,"{'no boot': 0, 'no boots': 0, 'no gloves': 0, 'no hat': 2, 'no vest': 2}",violations\violation_20260310_121200.jpg
2026-03-10 12:12:10,0,0,4,"{'no boot': 0, 'no boots': 0, 'no gloves': 0, 'no hat': 3, 'no vest': 1}",violations\violation_20260310_121210.jpg
2026-03-10 12:12:20,0,0,10,"{'no boot': 0, 'no boots': 0, 'no gloves': 0, 'no hat': 5, 'no vest': 5}",violations\violation_20260310_121220.jpg
2026-03-10 12:12:31,0,0,4,"{'no boot': 0, 'no boots': 0, 'no gloves': 0, 'no hat': 3, 'no vest': 1}",violations\violation_20260310_121231.jpg
2026-03-10 12:12:41,0,0,4,"{'no boot': 0, 'no boots': 0, 'no gloves': 0, 'no hat': 3, 'no vest': 1}",violations\violation_20260310_121241.jpg
2026-03-10 12:12:51,0,0,8,"{'no boot': 0, 'no boots': 0, 'no gloves': 0, 'no hat': 4, 'no vest': 4}",violations\violation_20260310_121251.jpg
2026-03-10 12:13:01,0,1,1,"{'no boot': 0, 'no boots': 0, 'no gloves': 0, 'no hat': 0, 'no vest': 1}",violations\violation_20260310_121301.jpg
2026-03-10 12:13:12,0,0,1,"{'no boot': 0, 'no boots': 0, 'no gloves': 0, 'no hat': 0, 'no vest': 1}",violations\violation_20260310_121312.jpg
2026-03-10 12:13:40,0,0,1,"{'no boot': 0, 'no boots': 0, 'no gloves': 0, 'no hat': 0, 'no vest': 1}",violations\violation_20260310_121340.jpg
2026-03-10 12:13:52,0,1,1,"{'no boot': 0, 'no boots': 0, 'no gloves': 0, 'no hat': 0, 'no vest': 1}",violations\violation_20260310_121352.jpg
2026-03-10 12:14:16,0,0,1,"{'no boot': 0, 'no boots': 0, 'no gloves': 0, 'no hat': 0, 'no vest': 1}",violations\violation_20260310_121416.jpg
2026-03-10 12:14:26,0,0,1,"{'no boot': 0, 'no boots': 0, 'no gloves': 0, 'no hat': 0, 'no vest': 1}",violations\violation_20260310_121426.jpg
2026-03-10 12:14:37,0,0,1,"{'no boot': 0, 'no boots': 0, 'no gloves': 0, 'no hat': 0, 'no vest': 1}",violations\violation_20260310_121436.jpg
